Date,Actual,ARIMA,SARIMA,LSTM
2023-08-02,122.8475341796875,127.85849150479795,127.8417827679592,126.70764
2023-08-03,122.1614990234375,127.85727939557256,128.53080319633835,126.794044
2023-08-04,125.0526123046875,127.85739448779294,128.485808227342,126.58773
2023-08-05,125.36295318603516,127.85739084504664,128.4516242989688,126.54978166666666
2023-08-06,125.67329406738283,127.85738720230034,128.41744037059556,126.51183333333333
2023-08-07,125.98363494873048,127.85738355955404,128.38325644222235,126.473885
2023-08-08,126.57167053222656,127.8573845972124,128.61758533958178,126.466324
2023-08-09,129.0707550048828,127.85738449868464,128.554974551073,126.57447
2023-08-10,126.81666564941406,127.85738450804004,128.5024661113248,126.972046
2023-08-11,129.4137725830078,127.85738450715172,128.4929047048016,127.27688
2023-08-12,128.9074198404948,127.85738450717983,128.67690750627676,127.445245
2023-08-13,128.40106709798178,127.85738450720795,128.86091030775196,127.61361000000001
2023-08-14,127.89471435546876,127.85738450723606,129.04491310922714,127.781975
2023-08-15,128.28673553466797,127.85738450723204,129.2036472209856,127.9846875
2023-08-16,128.6787567138672,127.85738450722803,129.36238133274404,128.1874
2023-08-17,126.70967864990234,127.85738450722882,129.36942968641952,128.60222
2023-08-18,125.18364715576172,127.85738450722874,129.44644616397872,128.79144
2023-08-19,125.87282307942708,127.85738450722874,129.43947014714533,128.76574
2023-08-20,126.56199900309244,127.85738450722874,129.43249413031194,128.74004
2023-08-21,127.2511749267578,127.85738450722874,129.42551811347855,128.71434
2023-08-22,131.23854064941406,127.85738450722874,130.11503514086218,128.68318
2023-08-23,131.3369903564453,127.85738450722874,130.070025652384,129.01576
2023-08-24,132.32151794433594,127.85738450722874,129.96747429178265,129.5056
2023-08-25,131.3369903564453,127.85738450722874,130.2018031767301,130.15872
2023-08-26,131.82925415039062,127.85738450722874,130.1809329140148,130.35843333333332
2023-08-27,132.32151794433594,127.85738450722874,130.1600626512995,130.55814666666666
2023-08-28,132.81378173828125,127.85738450722874,130.1391923885842,130.75786
2023-08-29,132.46920776367188,127.85738450722874,130.0866839488254,131.43245
2023-08-30,132.46920776367188,127.85738450722874,130.07712254230253,132.04375
2023-08-31,131.1400909423828,127.85738450722874,130.62913094672808,132.57718
2023-09-01,135.71817016601562,127.85738450722874,130.946599170245,132.8943
2023-09-02,136.60425313313803,127.85738450722874,130.94894862147015,133.09542666666667
2023-09-03,137.4903361002604,127.85738450722874,130.95129807269532,133.29655333333332
2023-09-04,138.3764190673828,127.85738450722874,130.95364752392047,133.49768
2023-09-05,137.53956604003906,127.85738450722874,131.03066400147966,134.40523
2023-09-06,136.16122436523438,127.85738450722874,131.00973595097952,135.32668
2023-09-07,137.68724060058594,127.85738450722874,131.69925297836315,136.0776
2023-09-08,141.0839080810547,127.85738450722874,131.65424348988495,136.82484
2023-09-09,141.54335021972656,127.85738450722874,131.62005970301783,137.14988333333332
2023-09-10,142.00279235839844,127.85738450722874,131.5858759161507,137.47492666666668
2023-09-11,142.4622344970703,127.85738450722874,131.5516921292836,137.79997
2023-09-12,132.07537841796875,127.85738450722874,131.78602101423104,138.9203
2023-09-13,133.74911499023438,127.85738450722874,131.72341022608518,139.05472
2023-09-14,134.6844024658203,127.85738450722874,131.67090178632634,138.89107
2023-09-15,133.60142517089844,127.85738450722874,131.66134037980348,138.57483
2023-09-16,134.97976684570312,127.85738450722874,131.84534318127865,138.40733
2023-09-17,136.3581085205078,127.85738450722874,132.02934598275385,138.23982999999998
2023-09-18,137.7364501953125,127.85738450722874,132.21334878422903,138.07233
2023-09-19,136.25965881347656,127.85738450722874,132.3720828959875,137.98476
2023-09-20,134.78286743164062,127.85738450722874,132.53081700774595,137.89719
2023-09-21,133.1583709716797,127.85738450722874,132.5378653614214,137.59187
2023-09-22,133.94602966308594,127.85738450722874,132.6148818389806,137.13663
2023-09-23,134.12652079264322,127.85738450722874,132.60790582214722,136.99505666666667
2023-09-24,134.30701192220053,127.85738450722874,132.60092980531385,136.85348333333332
2023-09-25,134.4875030517578,127.85738450722874,132.59395378848046,136.71191
2023-09-26,135.521240234375,127.85738450722874,133.2834708158641,136.37112
2023-09-27,134.4875030517578,127.85738450722874,133.2384613273859,136.19962
2023-09-28,132.9614715576172,127.85738450722874,133.13590996678454,136.03639
2023-09-29,136.16122436523438,127.85738450722874,133.37023885173198,135.76872
2023-09-30,136.38274383544922,127.85738450722874,133.3545861546955,135.7707625
2023-10-01,136.60426330566406,127.85738450722874,133.33893345765904,135.772805
2023-10-02,136.8257827758789,127.85738450722874,133.3232807606226,135.77484750000002
2023-10-03,137.04730224609375,127.85738450722874,133.30762806358612,135.77689
2023-10-04,136.70272827148438,127.85738450722874,133.25511962382728,135.98526
2023-10-05,136.80116271972656,127.85738450722874,133.24555821730442,136.26794
2023-10-06,136.8503875732422,127.85738450722874,133.79756662172997,136.59413
2023-10-07,135.78380839029947,127.85738450722874,133.9033893629023,136.70446666666666
2023-10-08,134.71722920735678,127.85738450722874,134.00921210407458,136.81480333333334
2023-10-09,133.65065002441406,127.85738450722874,134.1150348452469,136.92514
2023-10-10,137.78570556640625,127.85738450722874,134.12208319892235,136.9337
2023-10-11,135.61972045898438,127.85738450722874,134.19909967648155,137.17833
2023-10-12,136.06277465820312,127.85738450722874,134.1781716259814,137.27179
2023-10-13,135.32435607910156,127.85738450722874,134.86768865336504,137.35274
2023-10-14,135.30794779459634,127.85738450722874,134.85268549053896,137.34714
2023-10-15,135.29153951009116,127.85738450722874,134.8376823277129,137.34154
2023-10-16,135.27513122558594,127.85738450722874,134.82267916488684,137.33594
2023-10-17,136.4073486328125,127.85738450722874,134.72012780428548,137.26735
2023-10-18,134.9305419921875,127.85738450722874,134.95445668923293,137.2755
2023-10-19,134.88131713867188,127.85738450722874,134.89184590108707,137.17397
2023-10-20,132.12461853027344,127.85738450722874,134.83933746132823,137.03406
2023-10-21,131.6323445638021,127.85738450722874,134.8361503258206,136.89556000000002
2023-10-22,131.14007059733072,127.85738450722874,134.832963190313,136.75706
2023-10-23,130.64779663085938,127.85738450722874,134.82977605480536,136.61856
2023-10-24,129.90940856933594,127.85738450722874,135.10578025701813,136.29323
2023-10-25,129.1710205078125,127.85738450722874,135.38178445923091,135.9679
2023-10-26,126.85736846923828,127.85738450722874,135.69925268274784,135.09608
2023-10-27,130.15553283691406,127.85738450722874,135.7063010364233,133.95529
2023-10-28,130.07349141438803,127.85738450722874,135.7319731956097,133.66063333333332
2023-10-29,129.99144999186197,127.85738450722874,135.7576453547961,133.36597666666665
2023-10-30,129.90940856933594,127.85738450722874,135.7833175139825,133.07132
2023-10-31,131.1893310546875,127.85738450722874,135.76238946348235,132.33551
2023-11-01,130.35244750976562,127.85738450722874,136.45190649086598,131.88356
2023-11-02,132.66610717773438,127.85738450722874,136.40689700238778,131.54837
2023-11-03,133.84754943847656,127.85738450722874,136.30434564178643,131.54652
2023-11-04,134.40544637044272,127.85738450722874,136.38245527010224,131.6405
2023-11-05,134.96334330240884,127.85738450722874,136.46056489841806,131.73448
2023-11-06,135.521240234375,127.85738450722874,136.53867452673387,131.82846
2023-11-07,135.91506958007812,127.85738450722874,136.476063738588,132.4143
2023-11-08,138.22872924804688,127.85738450722874,136.42355529882917,133.16275
2023-11-09,135.81661987304688,127.85738450722874,136.4139938923063,134.17316
2023-11-10,136.6534881591797,127.85738450722874,136.96600229673186,135.0105
2023-11-11,138.1631062825521,127.85738450722874,137.07182503790418,135.27353333333335
2023-11-12,139.67272440592447,127.85738450722874,137.17764777907647,135.53656666666666
2023-11-13,141.18234252929688,127.85738450722874,137.28347052024878,135.7996
2023-11-14,141.01004791259766,127.85738450722874,137.28699469708653,136.35046
2023-11-15,140.83775329589844,127.85738450722874,137.29051887392424,136.90132
2023-11-16,140.3947296142578,127.85738450722874,137.36753535148344,138.0107
2023-11-17,143.84060668945312,127.85738450722874,137.3466073009833,139.01721
2023-11-18,143.10220336914062,127.85738450722874,137.57644631011118,139.41521666666668
2023-11-19,142.36380004882812,127.85738450722874,137.80628531923904,139.81322333333333
2023-11-20,141.62539672851562,127.85738450722874,138.03612432836692,140.21123
2023-11-21,140.64085388183594,127.85738450722874,137.99111483988872,141.16107
2023-11-22,139.65631103515625,127.85738450722874,137.88856347928737,141.83783
2023-11-23,137.19497680664062,127.85738450722874,138.1228923642348,142.20435
2023-11-24,138.1795196533203,127.85738450722874,138.06028157608895,142.12567
2023-11-25,138.41334533691406,127.85738450722874,138.04715446614924,142.0695025
2023-11-26,138.6471710205078,127.85738450722874,138.03402735620955,142.013335
2023-11-27,138.88099670410156,127.85738450722874,138.02090024626983,141.95716750000003
2023-11-28,139.1148223876953,127.85738450722874,138.00777313633012,141.901
2023-11-29,138.81947326660156,127.85738450722874,137.99821172980725,141.6619
2023-11-30,143.6436767578125,127.85738450722874,138.5502201342328,141.38928
2023-12-01,145.16970825195312,127.85738450722874,138.86768835774973,141.57736
2023-12-02,147.17159525553384,127.85738450722874,138.87003780897487,141.75213
2023-12-03,149.1734822591146,127.85738450722874,138.87238726020004,141.92690000000002
2023-12-04,151.1753692626953,127.85738450722874,138.8747367114252,142.10167
2023-12-05,149.6493377685547,127.85738450722874,138.95175318898438,143.35524
2023-12-06,153.73516845703125,127.85738450722874,138.93082513848424,144.72864
2023-12-07,157.87022399902344,127.85738450722874,139.62034216586787,146.50627
2023-12-08,156.2949676513672,127.85738450722874,139.57533267738967,148.71797
2023-12-09,157.11541239420572,127.85738450722874,139.54114889052255,149.4185
2023-12-10,157.93585713704428,127.85738450722874,139.50696510365543,150.11903
2023-12-11,158.7563018798828,127.85738450722874,139.4727813167883,150.81956
2023-12-12,158.31326293945312,127.85738450722874,139.70711020173576,152.96599
2023-12-13,160.33155822753906,127.85738450722874,139.6444994135899,154.87735
2023-12-14,161.46377563476562,127.85738450722874,139.59199097383106,156.69981
2023-12-15,166.43568420410156,127.85738450722874,139.5824295673082,158.38945
2023-12-16,167.63353474934897,127.85738450722874,139.76643236878337,159.03475
2023-12-17,168.83138529459634,127.85738450722874,139.95043517025857,159.68005
2023-12-18,170.02923583984375,127.85738450722874,140.13443797173375,160.32535
2023-12-19,170.37380981445312,127.85738450722874,140.45190619525067,162.51675
2023-12-20,164.6634979248047,127.85738450722874,140.45895454892613,164.6748
2023-12-21,168.0109100341797,127.85738450722874,140.53597102648533,166.08968
2023-12-22,172.09674072265625,127.85738450722874,140.51504297598518,167.36165
2023-12-23,173.85659790039062,127.85738450722874,140.6874222328311,167.7076375
2023-12-24,175.616455078125,127.85738450722874,140.859801489677,168.053625
2023-12-25,177.37631225585938,127.85738450722874,141.0321807465229,168.3996125
2023-12-26,179.13616943359375,127.85738450722874,141.2045600033688,168.7456
2023-12-27,177.41323852539062,127.85738450722874,141.1595505148906,170.70354
2023-12-28,179.87457275390625,127.85738450722874,141.05699915428926,172.56696
2023-12-29,181.3513946533203,127.85738450722874,141.2913280392367,174.52449
2023-12-30,181.59752400716144,127.85738450722874,141.27045777652143,175.17227666666665
2023-12-31,181.8436533610026,127.85738450722874,141.24958751380612,175.82006333333334
2024-01-01,182.08978271484372,127.85738450722874,141.22871725109084,176.46785
2024-01-02,179.3330841064453,127.85738450722874,141.176208811332,178.29498
2024-01-03,179.52999877929688,127.85738450722874,141.16664740480914,179.61797
2024-01-04,184.00962829589844,127.85738450722874,141.7186558092347,180.59554
2024-01-05,183.0743103027344,127.85738450722874,142.03612403275162,181.69777
2024-01-06,182.3030954996745,127.85738450722874,142.03847348397676,181.99751999999998
2024-01-07,181.5318806966146,127.85738450722874,142.04082293520193,182.29727
2024-01-08,180.7606658935547,127.85738450722874,142.04317238642707,182.59702
2024-01-09,181.7944183349609,127.85738450722874,142.12018886398627,183.10356
2024-01-10,182.72972106933597,127.85738450722874,142.09926081348613,183.46613
2024-01-11,181.4990692138672,127.85738450722874,142.78877784086976,183.76393
2024-01-12,180.6622009277344,127.85738450722874,142.74376835239156,183.85562
2024-01-13,182.3523152669271,127.85738450722874,142.70958456552444,183.82199
2024-01-14,184.0424296061198,127.85738450722874,142.67540077865732,183.78835999999998
2024-01-15,185.7325439453125,127.85738450722874,142.6412169917902,183.75473
2024-01-16,183.9111785888672,127.85738450722874,142.87554587673765,184.04973
2024-01-17,182.7789459228516,127.85738450722874,142.8129350885918,184.2733
2024-01-18,185.28952026367188,127.85738450722874,142.76042664883295,184.3817
2024-01-19,188.88308715820312,127.85738450722874,142.75086524231008,184.67119
2024-01-20,187.71395111083984,127.85738450722874,142.88886734341648,184.839605
2024-01-21,186.54481506347656,127.85738450722874,143.02686944452284,185.00802
2024-01-22,185.37567901611328,127.85738450722874,143.16487154562924,185.176435
2024-01-23,184.20654296875,127.85738450722874,143.30287364673563,185.34485
2024-01-24,186.3232879638672,127.85738450722874,143.62034187025256,185.67485
2024-01-25,186.7663116455078,127.85738450722874,143.62739022392802,186.08879
2024-01-26,187.06167221069336,127.85738450722874,143.6466443433178,186.191085
2024-01-27,187.3570327758789,127.85738450722874,143.66589846270762,186.29338
2024-01-28,187.65239334106445,127.85738450722874,143.68515258209743,186.395675
2024-01-29,187.94775390625,127.85738450722874,143.70440670148722,186.49797
2024-01-30,184.99415588378903,127.85738450722874,143.68347865098707,186.98665
2024-01-31,183.0250701904297,127.85738450722874,144.3729956783707,187.16881
2024-02-01,180.5637359619141,127.85738450722874,144.3279861898925,187.01855
2024-02-02,181.7451934814453,127.85738450722874,144.22543482929115,186.4574
2024-02-03,180.74425252278647,127.85738450722874,144.30354445760696,186.25262
2024-02-04,179.7433115641276,127.85738450722874,144.38165408592278,186.04784
2024-02-05,178.74237060546875,127.85738450722874,144.4597637142386,185.84306
2024-02-06,180.26840209960935,127.85738450722874,144.39715292609273,184.91019
2024-02-07,178.89002990722656,127.85738450722874,144.3446444863339,184.0707
2024-02-08,181.94210815429688,127.85738450722874,144.33508307981103,183.174
2024-02-09,178.53253173828125,127.85738450722874,144.88709148423658,182.64851
2024-02-10,176.55597432454428,127.85738450722874,144.9929142254089,182.42952333333332
2024-02-11,174.57941691080728,127.85738450722874,145.09873696658119,182.21053666666666
2024-02-12,172.6028594970703,127.85738450722874,145.2045597077535,181.99155
2024-02-13,174.53001403808594,127.85738450722874,145.21160806142896,180.80887
2024-02-14,179.4713897705078,127.85738450722874,145.28862453898816,179.69069
2024-02-15,183.7704162597656,127.85738450722874,145.267696488488,179.12085
2024-02-16,186.09288024902344,127.85738450722874,145.95721351587164,179.26842
2024-02-17,186.24111938476562,127.85738450722874,145.94221035304557,179.51749999999998
2024-02-18,186.3893585205078,127.85738450722874,145.92720719021952,179.76658
2024-02-19,186.53759765625,127.85738450722874,145.91220402739344,180.01566
2024-02-20,188.4153289794922,127.85738450722874,145.8096526667921,181.09535
2024-02-21,186.4881591796875,127.85738450722874,146.0439815517395,182.4861
2024-02-22,192.4672698974609,127.85738450722874,145.98137076359367,183.73486
2024-02-23,202.89361572265625,127.85738450722874,145.92886232383484,185.43782
2024-02-24,202.54771423339844,127.85738450722874,145.9256751883272,186.35421666666664
2024-02-25,202.20181274414062,127.85738450722874,145.9224880528196,187.27061333333333
2024-02-26,201.8559112548828,127.85738450722874,145.91930091731197,188.18701
2024-02-27,202.94302368164065,127.85738450722874,146.47130932173752,191.06439
2024-02-28,203.239501953125,127.85738450722874,146.78877754525445,193.96964
2024-02-29,202.6959686279297,127.85738450722874,146.7958258989299,196.65797
2024-03-01,203.19009399414065,127.85738450722874,146.8728423764891,198.93553
2024-03-02,204.507802327474,127.85738450722874,146.8658663596557,199.56792666666666
2024-03-03,205.8255106608073,127.85738450722874,146.85889034282235,200.20032333333333
2024-03-04,207.14321899414065,127.85738450722874,146.85191432598896,200.83272
2024-03-05,208.27972412109372,127.85738450722874,147.5414313533726,202.7167
2024-03-06,207.9832305908203,127.85738450722874,147.4964218648944,204.45784
2024-03-07,212.6775665283203,127.85738450722874,147.39387050429303,205.9257
2024-03-08,212.02283096313477,127.85738450722874,147.4524527255299,206.34013
2024-03-09,211.3680953979492,127.85738450722874,147.51103494676676,206.75456
2024-03-10,210.71335983276362,127.85738450722874,147.56961716800362,207.16899
2024-03-11,210.05862426757807,127.85738450722874,147.62819938924048,207.58342
2024-03-12,201.8559112548828,127.85738450722874,147.56558860109462,208.8408
2024-03-13,188.06944274902344,127.85738450722874,147.51308016133578,209.00185
2024-03-14,192.96139526367188,127.85738450722874,147.50351875481292,207.26254
2024-03-15,186.6364288330078,127.85738450722874,148.0555271592385,205.24727
2024-03-16,186.9823201497396,127.85738450722874,148.16134990041078,204.29766333333333
2024-03-17,187.32821146647134,127.85738450722874,148.2671726415831,203.34805666666665
2024-03-18,187.67410278320312,127.85738450722874,148.3729953827554,202.39845
2024-03-19,183.2268524169922,127.85738450722874,148.38004373643085,199.52524
2024-03-20,185.2528381347656,127.85738450722874,148.45706021399005,196.36642
2024-03-21,194.5426788330078,127.85738450722874,148.4361321634899,193.5838
2024-03-22,195.881591796875,127.85738450722874,149.12564919087353,192.11136
2024-03-23,196.35269927978516,127.85738450722874,149.114396818754,191.9624425
2024-03-24,196.8238067626953,127.85738450722874,149.10314444663442,191.813525
2024-03-25,197.29491424560544,127.85738450722874,149.09189207451487,191.6646075
2024-03-26,197.7660217285156,127.85738450722874,149.08063970239533,191.51569
2024-03-27,197.81561279296875,127.85738450722874,148.97808834179398,191.71915
2024-03-28,199.84881591796875,127.85738450722874,149.21241722674142,192.38075
2024-03-29,202.22915267944336,127.85738450722874,149.19676452970495,192.65833750000002
2024-03-30,204.60948944091797,127.85738450722874,149.18111183266848,192.935925
2024-03-31,206.98982620239258,127.85738450722874,149.16545913563203,193.21351249999998
2024-04-01,209.3701629638672,127.85738450722874,149.14980643859556,193.4911
2024-04-02,219.18902587890625,127.85738450722874,149.09729799883672,195.70302
2024-04-03,219.6849365234375,127.85738450722874,149.08773659231386,199.20831
2024-04-04,218.4947662353516,127.85738450722874,149.6397449967394,203.10898
2024-04-05,222.6603546142578,127.85738450722874,149.95721322025634,206.85762
2024-04-06,222.34628295898438,127.85738450722874,149.95956267148148,208.12537
2024-04-07,222.03221130371094,127.85738450722874,149.96191212270665,209.39311999999998
2024-04-08,221.7181396484375,127.85738450722874,149.9642615739318,210.66087
2024-04-09,226.28042602539065,127.85738450722874,150.041278051491,213.98433
2024-04-10,226.87551879882807,127.85738450722874,150.02035000099085,217.24266
2024-04-11,229.23105621337888,127.85738450722874,150.36510851468267,218.686715
2024-04-12,231.5865936279297,127.85738450722874,150.70986702837448,220.13077
2024-04-13,231.90066528320312,127.85738450722874,150.6948638655484,221.09883333333335
2024-04-14,232.21473693847656,127.85738450722874,150.67986070272235,222.06689666666668
2024-04-15,232.52880859375,127.85738450722874,150.66485753989627,223.03496
2024-04-16,231.53700256347656,127.85738450722874,150.56230617929492,225.68272
2024-04-17,230.39642333984375,127.85738450722874,150.67947062176864,226.76439499999998
2024-04-18,229.2558441162109,127.85738450722874,150.79663506424237,227.84607
2024-04-19,231.3882293701172,127.85738450722874,150.7340242760965,229.32074
2024-04-20,231.3882293701172,127.85738450722874,150.71652146284356,229.71701
2024-04-21,231.3882293701172,127.85738450722874,150.6990186495906,230.11328
2024-04-22,231.3882293701172,127.85738450722874,150.68151583633767,230.50955
2024-04-23,232.42962646484372,127.85738450722874,150.6719544298148,231.34537
2024-04-24,234.56201171875,127.85738450722874,151.22396283424035,232.00256
2024-04-25,235.6529998779297,127.85738450722874,151.54143105775728,232.67677
2024-04-26,236.99192810058597,127.85738450722874,151.54847941143274,233.35959
2024-04-27,235.81828816731772,127.85738450722874,151.57415157061914,233.60795666666667
2024-04-28,234.6446482340495,127.85738450722874,151.59982372980554,233.85632333333334
2024-04-29,233.47100830078125,127.85738450722874,151.62549588899194,234.10469
2024-04-30,231.8345489501953,127.85738450722874,151.6045678384918,234.4319
2024-05-01,232.33045196533203,127.85738450722874,151.94932635218362,234.416205
2024-05-02,232.82635498046875,127.85738450722874,152.29408486587542,234.40051
2024-05-03,232.18167114257807,127.85738450722874,152.24907537739722,234.26834
2024-05-04,231.43781534830725,127.85738450722874,152.2148915905301,234.17169333333334
2024-05-05,230.6939595540364,127.85738450722874,152.180707803663,234.07504666666665
2024-05-06,229.9501037597656,127.85738450722874,152.1465240167959,233.9784
2024-05-07,225.5365753173828,127.85738450722874,152.3808529017433,233.40477
2024-05-08,229.70216369628903,127.85738450722874,152.31824211359745,232.30344
2024-05-09,224.34640502929688,127.85738450722874,152.2657336738386,231.48795
2024-05-10,225.23904418945312,127.85738450722874,152.25617226731575,230.23662
2024-05-11,224.46212768554688,127.85738450722874,152.44017506879092,229.84674333333334
2024-05-12,223.68521118164065,127.85738450722874,152.62417787026612,229.45686666666666
2024-05-13,222.9082946777344,127.85738450722874,152.8081806717413,229.06699
2024-05-14,229.05747985839844,127.85738450722874,153.12564889525822,227.75359
2024-05-15,230.94192504882807,127.85738450722874,153.13269724893368,227.14659
2024-05-16,235.95053100585935,127.85738450722874,153.20971372649288,227.0514
2024-05-17,246.1661376953125,127.85738450722874,153.18878567599273,227.77846
2024-05-18,252.60047912597656,127.85738450722874,153.36116493283865,228.304765
2024-05-19,259.0348205566406,127.85738450722874,153.53354418968456,228.83107
2024-05-20,265.4691619873047,127.85738450722874,153.70592344653045,229.357375
2024-05-21,271.90350341796875,127.85738450722874,153.87830270337636,229.88368
2024-05-22,281.27606201171875,127.85738450722874,153.83329321489816,235.0785
2024-05-23,286.1358947753906,127.85738450722874,153.7307418542968,242.10382
2024-05-24,294.7645874023437,127.85738450722874,153.96507073924425,250.06282
2024-05-25,293.8554484049479,127.85738450722874,153.94420047652898,252.95553666666666
2024-05-26,292.94630940755206,127.85738450722874,153.92333021381367,255.84825333333333
2024-05-27,292.03717041015625,127.85738450722874,153.9024599510984,258.74097
2024-05-28,286.7309875488281,127.85738450722874,153.84995151133955,266.61572
2024-05-29,289.7559814453125,127.85738450722874,153.8403901048167,272.90085
2024-05-30,288.2682800292969,127.85738450722874,154.39239850924224,278.12506
2024-05-31,293.5248718261719,127.85738450722874,154.70986673275917,281.9582
2024-06-01,301.02952067057294,127.85738450722874,154.7122161839843,283.0429733333333
2024-06-02,308.53416951497394,127.85738450722874,154.71456563520948,284.12774666666667
2024-06-03,316.038818359375,127.85738450722874,154.71691508643462,285.21252
2024-06-04,253.45590209960935,127.85738450722874,154.79393156399382,289.99915
2024-06-05,258.216552734375,127.85738450722874,154.77300351349368,288.1004
2024-06-06,271.4075927734375,127.85738450722874,155.4625205408773,284.85556
2024-06-07,280.8793334960937,127.85738450722874,155.4175110523991,281.80963
2024-06-08,280.9454447428385,127.85738450722874,155.383327265532,281.12038666666666
2024-06-09,281.0115559895833,127.85738450722874,155.34914347866487,280.43114333333335
2024-06-10,281.0776672363281,127.85738450722874,155.31495969179775,279.7419
2024-06-11,283.8547668457031,127.85738450722874,155.5492885767452,278.26248
2024-06-12,288.1195068359375,127.85738450722874,155.48667778859934,277.6042
2024-06-13,298.4342956542969,127.85738450722874,155.4341693488405,277.86105
2024-06-14,307.06298828125,127.85738450722874,155.42460794231764,279.61865
2024-06-15,309.207763671875,127.85738450722874,155.56261004342403,280.4051875
2024-06-16,311.3525390625,127.85738450722874,155.70061214453042,281.191725
2024-06-17,313.497314453125,127.85738450722874,155.83861424563682,281.97826249999997
2024-06-18,315.64208984375,127.85738450722874,155.9766163467432,282.7648
2024-06-19,306.76544189453125,127.85738450722874,156.2940845702601,287.19446
2024-06-20,309.3441162109375,127.85738450722874,156.30113292393557,290.89462
2024-06-21,302.4511108398437,127.85738450722874,156.37814940149477,294.43298
2024-06-22,304.03799438476557,127.85738450722874,156.37117338466138,295.19042666666667
2024-06-23,305.6248779296875,127.85738450722874,156.364197367828,295.9478733333333
2024-06-24,307.2117614746094,127.85738450722874,156.35722135099462,296.70532
2024-06-25,307.16217041015625,127.85738450722874,157.04673837837825,298.73752
2024-06-26,304.3355407714844,127.85738450722874,157.00172888990005,300.23938
2024-06-27,302.0047912597656,127.85738450722874,156.8991775292987,301.02237
2024-06-28,303.393310546875,127.85738450722874,157.13350641424614,301.13818
2024-06-29,303.97186279296875,127.85738450722874,157.11263615153086,301.10120333333333
2024-06-30,304.5504150390625,127.85738450722874,157.09176588881556,301.0642266666666
2024-07-01,305.12896728515625,127.85738450722874,157.07089562610028,301.02725
2024-07-02,303.5916748046875,127.85738450722874,157.01838718634144,300.90018
2024-07-03,311.9228515625,127.85738450722874,157.00882577981858,300.562
2024-07-04,314.74951171875,127.85738450722874,157.56083418424413,301.0472
2024-07-05,321.3945617675781,127.85738450722874,157.87830240776103,302.0107
2024-07-06,324.8824157714844,127.85738450722874,157.8806518589862,302.62148333333334
2024-07-07,328.3702697753906,127.85738450722874,157.88300131021134,303.23226666666665
2024-07-08,331.8581237792969,127.85738450722874,157.8853507614365,303.84305
2024-07-09,332.0564880371094,127.85738450722874,157.9623672389957,306.94717
2024-07-10,331.1142883300781,127.85738450722874,157.94143918849556,310.28745
2024-07-11,332.7507629394531,127.85738450722874,158.6309562158792,313.44858
2024-07-12,330.37042236328125,127.85738450722874,158.585946727401,316.42682
2024-07-13,329.8084004720052,127.85738450722874,158.55176294053388,317.1919266666667
2024-07-14,329.2463785807292,127.85738450722874,158.51757915366676,317.95703333333336
2024-07-15,328.6843566894531,127.85738450722874,158.48339536679964,318.72214
2024-07-16,323.47735595703125,127.85738450722874,158.7177242517471,320.31326
2024-07-17,317.22898864746094,127.85738450722874,158.68641885767417,320.57013
2024-07-18,310.9806213378906,127.85738450722874,158.65511346360125,320.827
2024-07-19,303.7900085449219,127.85738450722874,158.6026050238424,319.49036
2024-07-20,305.77362060546875,127.85738450722874,158.59941788833476,318.57913333333335
2024-07-21,307.7572326660156,127.85738450722874,158.59623075282715,317.6679066666667
2024-07-22,309.7408447265625,127.85738450722874,158.59304361731952,316.75668
2024-07-23,298.9797668457031,127.85738450722874,159.14505202174507,314.15555
2024-07-24,297.6408386230469,127.85738450722874,159.462520245262,310.48315
2024-07-25,298.9797668457031,127.85738450722874,159.46956859893746,306.71094
2024-07-26,307.3605041503906,127.85738450722874,159.54658507649663,303.29544
2024-07-27,311.14591471354163,127.85738450722874,159.53960905966326,302.59883666666667
2024-07-28,314.9313252766927,127.85738450722874,159.53263304282987,301.9022333333333
2024-07-29,318.7167358398437,127.85738450722874,159.5256570259965,301.20563
2024-07-30,315.49334716796875,127.85738450722874,160.21517405338014,301.03635
2024-07-31,313.4601135253906,127.85738450722874,160.17016456490194,301.42627
2024-08-01,308.60028076171875,127.85738450722874,160.0676132043006,302.09607
2024-08-02,300.4674987792969,127.85738450722874,160.30194208924803,302.41968
2024-08-03,296.2688496907552,127.85738450722874,160.28107182653275,302.21340000000004
2024-08-04,292.07020060221356,127.85738450722874,160.26020156381745,302.00712
2024-08-05,287.8715515136719,127.85738450722874,160.23933130110217,301.80084
2024-08-06,284.8961181640625,127.85738450722874,160.18682286134333,299.5743
2024-08-07,297.7400207519531,127.85738450722874,160.17726145482047,296.58258
2024-08-08,295.8059997558594,127.85738450722874,160.72926985924602,294.71402
2024-08-09,299.7236328125,127.85738450722874,161.04673808276294,293.0777
2024-08-10,299.4591471354167,127.85738450722874,161.0490875339881,292.81171666666665
2024-08-11,299.1946614583333,127.85738450722874,161.05143698521326,292.5457333333333
2024-08-12,298.93017578125,127.85738450722874,161.0537864364384,292.27975
2024-08-13,293.72320556640625,127.85738450722874,161.1308029139976,291.85126
2024-08-14,292.0823059082031,127.85738450722874,161.10987486349745,291.1991
2024-08-15,296.85585021972656,127.85738450722874,161.45463337718928,290.82619
2024-08-16,301.62939453125,127.85738450722874,161.79939189088108,290.45328
2024-08-17,301.24817911783856,127.85738450722874,161.784388728055,290.54412
2024-08-18,300.86696370442706,127.85738450722874,161.76938556522896,290.63496
2024-08-19,300.4857482910156,127.85738450722874,161.75438240240288,290.7258
2024-08-20,301.4802551269531,127.85738450722874,161.65183104180153,291.18146
2024-08-21,303.71783447265625,127.85738450722874,161.88615992674897,291.91766
2024-08-22,302.82281494140625,127.85738450722874,161.8235491386031,292.96167
2024-08-23,304.3145446777344,127.85738450722874,161.77104069884427,293.95276
2024-08-24,304.5466003417969,127.85738450722874,161.76785356333664,294.3112
2024-08-25,304.7786560058594,127.85738450722874,161.76466642782904,294.66964
2024-08-26,305.0107116699219,127.85738450722874,161.7614792923214,295.02808
2024-08-27,299.2426452636719,127.85738450722874,162.31348769674696,296.08517
2024-08-28,298.2978820800781,127.85738450722874,162.6309559202639,296.42938
2024-08-29,294.56854248046875,127.85738450722874,162.63800427393934,296.395
2024-08-30,297.65142822265625,127.85738450722874,162.71502075149854,295.73227
2024-08-31,296.85584513346356,127.85738450722874,162.70804473466515,295.5449633333333
2024-09-01,296.0602620442708,127.85738450722874,162.7010687178318,295.3576566666667
2024-09-02,295.2646789550781,127.85738450722874,162.6940927009984,295.17035
2024-09-03,295.5132751464844,127.85738450722874,163.38360972838203,294.34644
2024-09-04,297.30340576171875,127.85738450722874,163.33860023990383,293.55176
2024-09-05,288.9993896484375,127.85738450722874,163.23604887930247,293.0036
2024-09-06,282.0379333496094,127.85738450722874,163.47037776424992,291.7352
2024-09-07,281.3583577473958,127.85738450722874,163.44950750153464,291.04909333333336
2024-09-08,280.6787821451823,127.85738450722874,163.42863723881933,290.36298666666664
2024-09-09,279.99920654296875,127.85738450722874,163.40776697610406,289.67688
2024-09-10,284.17608642578125,127.85738450722874,163.35525853634522,287.25146
2024-09-11,286.4634094238281,127.85738450722874,163.34569712982236,285.2526
2024-09-12,290.09332275390625,127.85738450722874,163.8977055342479,283.78275
2024-09-13,288.3529663085937,127.85738450722874,164.21517375776483,283.0997
2024-09-14,288.5021362304687,127.85738450722874,164.21752320898997,282.9618433333333
2024-09-15,288.65130615234375,127.85738450722874,164.21987266021515,282.82398666666666
2024-09-16,288.80047607421875,127.85738450722874,164.2222221114403,282.68613
2024-09-17,282.73406982421875,127.85738450722874,164.2992385889995,282.59927
2024-09-18,281.29205322265625,127.85738450722874,164.27831053849934,282.06973
2024-09-19,271.1979675292969,127.85738450722874,164.96782756588297,281.35226
2024-09-20,275.8223571777344,127.85738450722874,164.92281807740477,279.5401
2024-09-21,278.7892557779948,127.85738450722874,164.88863429053765,279.02009
2024-09-22,281.7561543782552,127.85738450722874,164.85445050367053,278.50008
2024-09-23,284.7230529785156,127.85738450722874,164.82026671680342,277.98007
2024-09-24,290.1927490234375,127.85738450722874,165.05459560175086,277.42834
2024-09-25,288.2535095214844,127.85738450722874,164.991984813605,277.881
2024-09-26,288.8999328613281,127.85738450722874,164.93947637384616,278.6099
2024-09-27,291.83367919921875,127.85738450722874,164.9299149673233,279.61102
2024-09-28,289.065673828125,127.85738450722874,165.11391776879847,280.0645133333333
2024-09-29,286.29766845703125,127.85738450722874,165.29792057027367,280.5180066666667
2024-09-30,283.5296630859375,127.85738450722874,165.48192337174885,280.9715
2024-10-01,282.3860168457031,127.85738450722874,165.79939159526575,281.49332
2024-10-02,279.7754669189453,127.85738450722874,165.8029157721035,281.55118
2024-10-03,277.1649169921875,127.85738450722874,165.80643994894123,281.60904
2024-10-04,275.6731872558594,127.85738450722874,165.88345642650043,280.90433
2024-10-05,272.40793863932294,127.85738450722874,165.87648040966704,280.51933
2024-10-06,269.14269002278644,127.85738450722874,165.86950439283368,280.13433
2024-10-07,265.87744140625,127.85738450722874,165.86252837600028,279.74933
2024-10-08,278.7063903808594,127.85738450722874,166.55204540338391,277.40912
2024-10-09,280.84454345703125,127.85738450722874,166.5070359149057,276.14368
2024-10-10,285.3197326660156,127.85738450722874,166.40448455430436,275.425
2024-10-11,284.32525634765625,127.85738450722874,166.6388134392518,275.58783
2024-10-12,284.2589619954427,127.85738450722874,166.61794317653653,275.74495333333334
2024-10-13,284.1926676432292,127.85738450722874,166.59707291382122,275.90207666666663
2024-10-14,284.1263732910156,127.85738450722874,166.57620265110594,276.0592
2024-10-15,287.259033203125,127.85738450722874,166.5236942113471,276.72028
2024-10-16,284.1263732910156,127.85738450722874,166.51413280482424,277.7696
2024-10-17,282.9826965332031,127.85738450722874,167.0661412092498,278.55096
2024-10-18,285.568359375,127.85738450722874,167.38360943276672,279.0987
2024-10-19,283.9606018066406,127.85738450722874,167.38595888399186,279.3125
2024-10-20,282.35284423828125,127.85738450722874,167.38830833521703,279.5263
2024-10-21,280.7450866699219,127.85738450722874,167.39065778644218,279.7401
2024-10-22,270.1537475585937,127.85738450722874,167.46767426400135,279.79938
2024-10-23,267.1702575683594,127.85738450722874,167.44674621350123,278.5585
2024-10-24,269.8554077148437,127.85738450722874,168.13626324088486,276.59695
2024-10-25,270.84991455078125,127.85738450722874,168.09125375240666,274.65073
2024-10-26,270.08746337890625,127.85738450722874,168.05706996553954,274.06036666666665
2024-10-27,269.32501220703125,127.85738450722874,168.02288617867242,273.47000333333335
2024-10-28,268.56256103515625,127.85738450722874,167.9887023918053,272.87964
2024-10-29,282.087646484375,127.85738450722874,168.22303127675275,271.11554
2024-10-30,286.9606628417969,127.85738450722874,168.1604204886069,270.9766
2024-10-31,283.33074951171875,127.85738450722874,168.10791204884805,271.94995
2024-11-01,287.06011962890625,127.85738450722874,168.0983506423252,273.0944
2024-11-02,285.56837972005206,127.85738450722874,168.28235344380036,273.6548666666667
2024-11-03,284.0766398111979,127.85738450722874,168.46635624527556,274.2153333333333
2024-11-04,282.5848999023437,127.85738450722874,168.65035904675074,274.7758
2024-11-05,284.7727966308594,127.85738450722874,168.96782727026766,276.05026
2024-11-06,300.1874084472656,127.85738450722874,168.97487562394312,277.35385
2024-11-07,298.6956787109375,127.85738450722874,169.05189210150232,280.0762
2024-11-08,296.1099853515625,127.85738450722874,169.03096405100217,282.83463
2024-11-09,296.7729797363281,127.85738450722874,169.26080306013006,283.64204333333333
2024-11-10,297.43597412109375,127.85738450722874,169.49064206925792,284.44945666666666
2024-11-11,298.0989685058594,127.85738450722874,169.7204810783858,285.25687
2024-11-12,288.5518493652344,127.85738450722874,169.6754715899076,287.5427
2024-11-13,279.99920654296875,127.85738450722874,169.57292022930625,288.47482
2024-11-14,279.40252685546875,127.85738450722874,169.8072491142537,287.91302
2024-11-15,278.6815185546875,127.85738450722874,169.79159641721722,287.58792500000004
2024-11-16,277.96051025390625,127.85738450722874,169.77594372018075,287.26283
2024-11-17,277.23950195312494,127.85738450722874,169.7602910231443,286.937735
2024-11-18,276.5184936523437,127.85738450722874,169.74463832610783,286.61264
2024-11-19,277.4632568359375,127.85738450722874,169.692129886349,284.6226
2024-11-20,275.6980438232422,127.85738450722874,169.68734918308758,283.587135
2024-11-21,273.9328308105469,127.85738450722874,169.68256847982613,282.55167
2024-11-22,279.3030700683594,127.85738450722874,170.23457688425168,280.18604
2024-11-23,283.11529541015625,127.85738450722874,170.340399625424,279.62466666666666
2024-11-24,286.9275207519531,127.85738450722874,170.4462223665963,279.0632933333333
2024-11-25,290.73974609375,127.85738450722874,170.5520451077686,278.50192
2024-11-26,296.2591552734375,127.85738450722874,170.55909346144406,278.3805
2024-11-27,305.6571350097656,127.85738450722874,170.63610993900326,279.49957
2024-11-28,304.06591796875,127.85738450722874,170.61518188850312,282.17487
2024-11-29,306.30352783203125,127.85738450722874,171.30469891588675,285.166
2024-11-30,305.9388834635417,127.85738450722874,171.2896957530607,286.25766
2024-12-01,305.57423909505206,127.85738450722874,171.27469259023462,287.34932000000003
2024-12-02,305.2095947265625,127.85738450722874,171.25968942740857,288.44098
2024-12-03,310.3809509277344,127.85738450722874,171.1571380668072,291.41794
2024-12-04,311.1268310546875,127.85738450722874,171.39146695175464,294.54718
2024-12-05,312.7677307128906,127.85738450722874,171.32885616360878,297.40887
2024-12-06,312.0218505859375,127.85738450722874,171.27634772384994,300.04272
2024-12-07,312.3036295572917,127.85738450722874,171.2731605883423,300.75604
2024-12-08,312.5854085286458,127.85738450722874,171.2699734528347,301.46936
2024-12-09,312.8671875,127.85738450722874,171.26678631732707,302.18268
2024-12-10,313.1158142089844,127.85738450722874,171.81879472175262,303.95618
2024-12-11,312.36993408203125,127.85738450722874,172.13626294526955,305.34155
2024-12-12,311.2262878417969,127.85738450722874,172.143311298945,306.28485
2024-12-13,313.911376953125,127.85738450722874,172.2203277765042,306.777
2024-12-14,314.0937093098958,127.85738450722874,172.21335175967081,306.93673333333334
2024-12-15,314.2760416666667,127.85738450722874,172.20637574283745,307.09646666666663
2024-12-16,314.4583740234375,127.85738450722874,172.19939972600406,307.2562
2024-12-17,308.88922119140625,127.85738450722874,172.8889167533877,307.64233
2024-12-18,302.12664794921875,127.85738450722874,172.8439072649095,307.353
2024-12-19,296.8558654785156,127.85738450722874,172.74135590430814,306.14752
2024-12-20,289.2480163574219,127.85738450722874,172.97568478925558,304.10593
2024-12-21,290.4082539876302,127.85738450722874,172.9548145265403,303.08651
2024-12-22,291.56849161783856,127.85738450722874,172.933944263825,302.06709
2024-12-23,292.7287292480469,127.85738450722874,172.91307400110972,301.04767
2024-12-24,290.8392028808594,127.85738450722874,172.86056556135088,298.18353
2024-12-25,292.2066192626953,127.85738450722874,172.85578485808946,296.7509
2024-12-26,293.57403564453125,127.85738450722874,172.85100415482802,295.31827
2024-12-27,290.4413757324219,127.85738450722874,173.40301255925357,293.05923
2024-12-28,288.0711669921875,127.85738450722874,173.5088353004259,292.35298666666665
2024-12-29,285.7009582519531,127.85738450722874,173.61465804159818,291.64674333333335
2024-12-30,283.33074951171875,127.85738450722874,173.7204807827705,290.9405
